{"cameraMode":{"drawMode":0,"name":"Shaded","section":"Shading Mode"},"sceneLighting":true,"audioPlay":false,"sceneViewState":{"m_AlwaysRefresh":false,"showFog":true,"showSkybox":true,"showFlares":true,"showImageEffects":true,"showParticleSystems":true,"showVisualEffectGraphs":true,"m_FxEnabled":true},"in2DMode":false,"pivot":{"x":0.25967714190483096,"y":-0.5204136371612549,"z":28.24600601196289},"rotation":{"x":0.05278780311346054,"y":0.004485820420086384,"z":-0.00020520816906355321,"w":0.9986351728439331},"size":16.22852897644043,"orthographic":false}